"","logFC","logCPM","LR","PValue","FDR","transcript"
"hsa-miR-9-5p",-3.64062836065219,11.7246384154422,124.301405849102,7.23716481979725e-29,2.80801995008133e-26,"hsa-miR-9-5p"
"hsa-miR-448",-3.83737318636575,6.54684312309409,79.2226407342586,5.54905068095716e-19,1.07651583210569e-16,"hsa-miR-448"
"hsa-miR-143-3p",-3.24268009878471,7.54190817676314,74.5777235077832,5.8297324940357e-18,6.72809812246864e-16,"hsa-miR-143-3p"
"hsa-miR-1298-5p",-3.36540617523243,7.25252018631924,74.2346567041677,6.93618363141096e-18,6.72809812246864e-16,"hsa-miR-1298-5p"
"hsa-miR-3059-5p",-3.30084353618873,5.20849040871501,53.2459026501911,2.94300688151794e-13,2.28377334005792e-11,"hsa-miR-3059-5p"
"hsa-miR-9983-3p",2.11608265986051,8.5554152983796,45.4516671409183,1.56452309135648e-11,1.01172493241053e-09,"hsa-miR-9983-3p"
"hsa-miR-514a-3p",2.63530891352573,6.01529402190175,41.2276170940482,1.35494549121069e-10,7.51026929413923e-09,"hsa-miR-514a-3p"
"hsa-miR-509-3-5p",2.43916059800357,5.40676096642557,35.3087176973358,2.81369783149501e-09,1.36464344827508e-07,"hsa-miR-509-3-5p"
"hsa-miR-181a-3p",-2.29757900629873,6.38576733654374,33.6940967968957,6.44961131195968e-09,2.78049909893373e-07,"hsa-miR-181a-3p"
"hsa-miR-363-3p",-1.73622288361493,12.1402779803568,33.1418489071499,8.56747725534958e-09,3.32418117507564e-07,"hsa-miR-363-3p"
"hsa-miR-21-5p",-1.6847585011275,12.2545848012751,31.3312272781559,2.17552122935505e-08,7.67365669990692e-07,"hsa-miR-21-5p"
"hsa-miR-100-5p",-1.66456045952722,11.1668863998614,30.3575776366336,3.59300612915561e-08,1.16173864842698e-06,"hsa-miR-100-5p"
"hsa-miR-504-5p",-1.62440862529126,11.2337893688226,28.9779035762199,7.32086221045018e-08,2.1849957981959e-06,"hsa-miR-504-5p"
"hsa-miR-9-3p",-1.9409009402042,7.23979725083335,28.615939733574,8.82527139339172e-08,2.44586092902571e-06,"hsa-miR-9-3p"
"hsa-miR-184",-1.99145096574793,5.83879679955479,24.81454976762,6.31192289105385e-07,1.63268405448593e-05,"hsa-miR-184"
"hsa-miR-222-3p",-1.39608209132645,11.234509308875,21.6755752029442,3.22876291896847e-06,7.82975007849855e-05,"hsa-miR-222-3p"
"hsa-miR-20b-5p",-1.37745934472335,8.87498116815653,21.5592021889893,3.43072588756254e-06,7.83012731984862e-05,"hsa-miR-20b-5p"
"hsa-let-7i-5p",-1.55344744737834,7.52742071771617,20.0729939160572,7.45418672055349e-06,0.000160679135976375,"hsa-let-7i-5p"
"hsa-miR-383-5p",1.38870880892703,8.19283369089778,18.951618228053,1.3407551197385e-05,0.000273796308662388,"hsa-miR-383-5p"
"hsa-miR-224-5p",1.56316530907612,6.95922202155771,18.0822747052673,2.11561772164346e-05,0.000400859884719665,"hsa-miR-224-5p"
"hsa-miR-139-5p",-1.26130222063857,9.5442051221834,18.0343018996288,2.16960246884355e-05,0.000400859884719665,"hsa-miR-139-5p"
"hsa-miR-34c-5p",-1.61057731245541,6.50167830391273,17.8532958008123,2.38605654664664e-05,0.000420813609135863,"hsa-miR-34c-5p"
"hsa-miR-296-3p",-1.47225578556029,7.41971221459294,17.6202079519274,2.69707182874314e-05,0.000454984291109712,"hsa-miR-296-3p"
"hsa-miR-204-5p",1.22754119676889,9.21043245466585,17.2031719672495,3.35875076115921e-05,0.000542998039720738,"hsa-miR-204-5p"
"hsa-miR-106a-5p",-1.52004972715049,6.94145492124815,17.0933635731727,3.55864391025022e-05,0.000552301534870834,"hsa-miR-106a-5p"
"hsa-miR-129-2-3p",1.21583077401909,9.00735652700448,16.9374722459525,3.86314135518433e-05,0.000576499556081354,"hsa-miR-129-2-3p"
"hsa-miR-1908-5p",-1.86240401836265,4.12875997064361,16.592104712405,4.63435472114097e-05,0.000649218125474461,"hsa-miR-1908-5p"
"hsa-miR-452-5p",1.58691308203812,5.73959609252729,16.571459958278,4.68507925600126e-05,0.000649218125474461,"hsa-miR-452-5p"
"hsa-miR-532-5p",-1.1382503791276,9.22464089380436,14.8259175184159,0.000117903979789947,0.00157747393649998,"hsa-miR-532-5p"
"hsa-miR-7704",-1.51721999616697,5.09618696206088,14.4240074211345,0.000145930035678196,0.00188736179477134,"hsa-miR-7704"
"hsa-miR-122-5p",1.69923940024556,4.12495588642879,14.2933445331059,0.000156416941390781,0.00195773462127817,"hsa-miR-122-5p"
"hsa-miR-501-5p",-1.59405593863446,4.58188855475022,13.7778324917544,0.000205749685640101,0.00249471493838622,"hsa-miR-501-5p"
"hsa-miR-4485-3p",-1.38912092710202,6.63336510260886,13.6245637596302,0.000223245351013791,0.00262482412707124,"hsa-miR-4485-3p"
"hsa-miR-4454",-1.51138452325176,4.95996822608568,13.5675180512108,0.000230133478364748,0.00262622910604477,"hsa-miR-4454"
"hsa-miR-876-3p",1.54662097892625,4.53069413273881,13.4994522305467,0.00023863310338693,0.00264541840326083,"hsa-miR-876-3p"
"hsa-miR-137-5p",1.59797437753692,4.21662918524669,13.1458707746275,0.000288153568753633,0.00305325100802837,"hsa-miR-137-5p"
"hsa-miR-490-3p",1.08129012535078,10.6432936699852,13.1264203929975,0.000291160534270746,0.00305325100802837,"hsa-miR-490-3p"
"hsa-miR-146a-5p",-1.6111495702982,4.0368625922952,12.5134020212457,0.000404043214345405,0.00412549387278993,"hsa-miR-146a-5p"
"hsa-miR-490-5p",1.00819463183672,9.44184563490138,11.6786895867612,0.000632200445294238,0.00628958391728627,"hsa-miR-490-5p"
"hsa-miR-221-3p",-0.99329435269067,12.2471464716752,11.2720819721117,0.000786814355472987,0.00763209924808797,"hsa-miR-221-3p"
"hsa-miR-382-5p",1.33640290902721,4.82805317505896,11.0639957778921,0.000880202489636338,0.00832972112143656,"hsa-miR-382-5p"
"hsa-miR-221-5p",-1.133385506977,7.52401495076665,10.9554277472538,0.000933298250214876,0.00862189812103267,"hsa-miR-221-5p"
"hsa-miR-500a-3p",-1.22352673066444,6.19597922397114,10.1132053254013,0.00147210712688907,0.0132831991914641,"hsa-miR-500a-3p"
"hsa-miR-873-5p",1.21780937196503,5.52364938315206,9.92122678659536,0.0016338344460116,0.0144074492057386,"hsa-miR-873-5p"
"hsa-miR-34a-5p",-1.09774034270248,7.33309961354574,9.86671383541625,0.00168295832765998,0.0145108406918238,"hsa-miR-34a-5p"
"hsa-miR-450b-5p",-1.24847398802085,4.61811131995374,9.34865916935962,0.00223148666224282,0.018822104890222,"hsa-miR-450b-5p"
"hsa-miR-139-3p",-1.21437204945426,5.02905344882827,9.30095479265086,0.00229034461014261,0.0189075257177731,"hsa-miR-139-3p"
"hsa-miR-501-3p",-1.16657594449658,6.08159935757774,9.13198101097266,0.00251179594600291,0.0203036838968569,"hsa-miR-501-3p"
"hsa-miR-495-3p",1.15455957968051,5.12380114785006,8.86884725228369,0.00290078257152074,0.0226715123864929,"hsa-miR-495-3p"
"hsa-miR-92b-5p",-1.25740681877685,4.46802448382544,8.85580235665566,0.00292158664774393,0.0226715123864929,"hsa-miR-92b-5p"
"hsa-miR-381-3p",1.01908622812846,7.43891793178808,8.81172359173225,0.00299301168447363,0.0227703634034464,"hsa-miR-381-3p"
"hsa-miR-296-5p",-1.13648352444323,5.81534237704715,8.6210364034801,0.00332302719729525,0.0247948952413568,"hsa-miR-296-5p"
"hsa-miR-502-3p",-1.15775128161577,5.05413286046067,8.57544156919237,0.00340727315124389,0.0249438109940119,"hsa-miR-502-3p"
"hsa-miR-23a-3p",-1.10641138623008,5.87818625461729,8.31949810811187,0.00392217556303212,0.0281714766783381,"hsa-miR-23a-3p"
"hsa-miR-369-3p",1.24849393398568,4.11731229012936,8.28682297190807,0.00399337942605307,0.0281714766783381,"hsa-miR-369-3p"
"hsa-miR-873-3p",1.09581815687339,5.92580970872734,8.14314822455588,0.00432241731718344,0.0299481771261995,"hsa-miR-873-3p"
"hsa-miR-212-3p",1.16617962519949,4.48963595781427,7.94227080651332,0.00482931954327361,0.0328732628559677,"hsa-miR-212-3p"
"hsa-miR-450a-5p",-1.09066007191189,5.38282205722915,7.90413246223563,0.00493219901551323,0.0329947106555023,"hsa-miR-450a-5p"
"hsa-miR-1-3p",0.823284503745579,11.4740531959101,7.74635858511364,0.00538209550542095,0.0353941195949717,"hsa-miR-1-3p"
"hsa-miR-592",0.863977410289704,8.15132505637124,7.45717612524349,0.00631840477871699,0.0408590175690365,"hsa-miR-592"
"hsa-let-7g-5p",-0.834877162394746,8.29052904222994,7.18063549266708,0.00736946002213761,0.0468745981735966,"hsa-let-7g-5p"
"hsa-miR-362-5p",-1.04404848344629,5.17248233688413,7.12329740323497,0.00760886361957314,0.0476167594257158,"hsa-miR-362-5p"
"hsa-miR-582-5p",1.01396927358817,5.98809517683154,7.04437592278232,0.00795145249009851,0.0489708502564797,"hsa-miR-582-5p"
"hsa-miR-200b-3p",-1.1834568679787,4.06145025665906,7.00765464912037,0.00811619346434526,0.0491177849655383,"hsa-miR-200b-3p"
"hsa-miR-302d-3p",1.13797162945219,4.2021976539235,6.98305671371394,0.00822849490402059,0.0491177849655383,"hsa-miR-302d-3p"
"hsa-miR-1277-5p",-1.09836811212495,4.49091561882743,6.87494346272763,0.00874125226080411,0.0513879678362423,"hsa-miR-1277-5p"
"hsa-miR-126-5p",1.17199341206773,3.85161123468681,6.61316593678091,0.0101227537289583,0.0586213201020271,"hsa-miR-126-5p"
"hsa-miR-409-3p",0.972165581968896,5.3680385408394,6.46012347348352,0.011032197854616,0.0626695855834975,"hsa-miR-409-3p"
"hsa-miR-181b-5p",-0.749287267091904,11.7165457030778,6.44207341948834,0.0111448489826323,0.0626695855834975,"hsa-miR-181b-5p"
"hsa-miR-323a-3p",0.949463665862591,6.29253070435096,6.37869168407495,0.0115498540935949,0.0640191912616404,"hsa-miR-323a-3p"
"hsa-miR-660-5p",-0.957466206930934,5.3857260500857,6.17640000861174,0.0129465425730693,0.0707501199767732,"hsa-miR-660-5p"
"hsa-miR-487b-3p",0.99202994977198,4.68062316757222,6.1084088351435,0.013454019861905,0.0725022181447101,"hsa-miR-487b-3p"
"hsa-miR-10b-5p",0.725613870891357,17.8498417994071,6.03914493384218,0.0139920595598713,0.0743687549209596,"hsa-miR-10b-5p"
"hsa-miR-181a-5p",-0.717527312999678,12.9545218132738,5.9291108876341,0.0148927540706248,0.0780863321540868,"hsa-miR-181a-5p"
"hsa-miR-3613-5p",0.994232573783037,4.48827317460656,5.83192451107958,0.0157378975580159,0.0814173900334688,"hsa-miR-3613-5p"
"hsa-miR-129-5p",0.699658386463523,14.2946978657821,5.59872509953652,0.0179735522019903,0.0911375095479692,"hsa-miR-129-5p"
"hsa-miR-137-3p",0.691943356608901,9.12429616831068,5.58774480744267,0.0180865676164784,0.0911375095479692,"hsa-miR-137-3p"
"hsa-miR-212-5p",0.744423976201916,8.15309606381587,5.56129828389414,0.0183617923686469,0.0913381466542946,"hsa-miR-212-5p"
"hsa-miR-2277-5p",-1.00373352383016,4.1673648356658,5.4032567965745,0.0200992119440278,0.0984962065939386,"hsa-miR-2277-5p"
"hsa-miR-302a-5p",0.892143225422426,5.36983347361889,5.38517972018333,0.0203084962049358,0.0984962065939386,"hsa-miR-302a-5p"
"hsa-miR-126-3p",0.682135923566691,10.0785071549384,5.3533055800928,0.020683022734338,0.099074232357076,"hsa-miR-126-3p"
"hsa-miR-3909",-0.888429673467436,5.27610428430169,5.2840383444186,0.0215217746907903,0.101834738780813,"hsa-miR-3909"
"hsa-miR-30b-5p",0.669530084153423,9.07520954831889,5.23940491791821,0.0220808257054591,0.102627036823922,"hsa-miR-30b-5p"
"hsa-miR-199b-3p",-0.87141648656735,5.80915284680876,5.20803530187611,0.0224827271392613,0.102627036823922,"hsa-miR-199b-3p"
"hsa-miR-199a-3p",-0.87141648656735,5.80915284680876,5.20803530187611,0.0224827271392613,0.102627036823922,"hsa-miR-199a-3p"
"hsa-miR-27a-3p",-0.724509525070505,8.05391079757797,5.15564936717013,0.0231708698173377,0.104538342896826,"hsa-miR-27a-3p"
"hsa-miR-92b-3p",-0.663284329313713,9.29783590313281,5.12512884783048,0.0235818198390688,0.105169495374238,"hsa-miR-92b-3p"
"hsa-miR-10b-3p",0.663091309788548,11.6882915303326,5.05705679433937,0.0245258552275203,0.10813672532134,"hsa-miR-10b-3p"
"hsa-miR-582-3p",0.721941581655629,7.83354730021758,4.86727668248371,0.0273706616262178,0.118691618706772,"hsa-miR-582-3p"
"hsa-miR-941",0.6760802423371,8.40442091110755,4.85716371298752,0.0275315610402307,0.118691618706772,"hsa-miR-941"
"hsa-miR-132-5p",0.640931489549936,9.14143802244479,4.80009208640282,0.0284582157870591,0.121338326652516,"hsa-miR-132-5p"
"hsa-miR-5010-3p",-0.857462061086476,4.98537564662399,4.7561703692966,0.0291934333169076,0.123120131814784,"hsa-miR-5010-3p"
"hsa-miR-708-3p",0.631270030439759,8.90024190075798,4.67199710912524,0.0306582567129878,0.127150281721603,"hsa-miR-708-3p"
"hsa-miR-503-5p",-0.885585823295287,4.52664558195813,4.64468493428978,0.0311498547047874,0.127150281721603,"hsa-miR-503-5p"
"hsa-miR-340-5p",0.633993245734881,11.7600737008584,4.62969051455437,0.0314232313869649,0.127150281721603,"hsa-miR-340-5p"
"hsa-miR-124-3p",0.635603161395396,11.1257099959286,4.62769162549174,0.0314598635187472,0.127150281721603,"hsa-miR-124-3p"
"hsa-miR-24-3p",-0.631555130255175,11.2004661429821,4.57139776250752,0.0325100292898061,0.130040117159224,"hsa-miR-24-3p"
"hsa-miR-30d-3p",0.820756217507105,5.04716338070225,4.44801779103953,0.034941782472046,0.138340934685243,"hsa-miR-30d-3p"
"hsa-miR-379-5p",0.821597735922476,4.88781231450896,4.42075859173076,0.0355042488094063,0.139147965030804,"hsa-miR-379-5p"
"hsa-miR-7-5p",-0.615566217917191,16.0189654457242,4.35164416925363,0.0369732351937269,0.141856238988354,"hsa-miR-7-5p"
"hsa-miR-374a-5p",-0.617119994133317,10.5334590496705,4.35041312971573,0.0369999697044609,0.141856238988354,"hsa-miR-374a-5p"
"hsa-let-7e-5p",-0.610457464001379,9.49800541341223,4.332968759053,0.0373809933599937,0.141856238988354,"hsa-let-7e-5p"
"hsa-miR-505-3p",-0.611794985178235,10.0862818145254,4.30928643492781,0.0379048579272783,0.141856238988354,"hsa-miR-505-3p"
"hsa-miR-106b-5p",0.663487147578376,8.02312348308771,4.30397859405109,0.0380233217906929,0.141856238988354,"hsa-miR-106b-5p"
"hsa-miR-766-3p",-0.721366818338716,7.22754412183997,4.21401228020686,0.0400914009738584,0.148147272170067,"hsa-miR-766-3p"
"hsa-miR-27b-5p",-0.821444149020076,4.69336698565684,4.1446731214844,0.0417657184107186,0.152878290031687,"hsa-miR-27b-5p"
"hsa-miR-128-3p",-0.595757436679089,14.7379560323909,4.07228773305906,0.0435921971857469,0.156594489745577,"hsa-miR-128-3p"
"hsa-miR-3065-5p",-0.782856743514757,5.11004245741647,4.06358084770212,0.0438174891977898,0.156594489745577,"hsa-miR-3065-5p"
"hsa-miR-328-3p",-0.595853363844249,10.5172329028084,4.05687838024863,0.0439917509852266,0.156594489745577,"hsa-miR-328-3p"
"hsa-miR-543",0.759457662026282,6.17953542583664,4.04092853189939,0.0444093809281934,0.156643998183082,"hsa-miR-543"
"hsa-miR-200c-3p",-0.825662732040969,4.52409116810156,4.01409804191194,0.0451213518504177,0.157085553904762,"hsa-miR-200c-3p"
"hsa-miR-2110",-0.795568227092406,4.90083934662911,4.00578847167694,0.0453442836013747,0.157085553904762,"hsa-miR-2110"
"hsa-miR-505-5p",-0.691702230916643,7.35957235658311,3.98788370885658,0.0458285908708724,0.157358347415031,"hsa-miR-505-5p"
"hsa-miR-193b-3p",0.735080561795477,6.49794143526563,3.94344128206186,0.0470544270451643,0.159828878826998,"hsa-miR-193b-3p"
"hsa-miR-138-5p",0.649917270820306,7.80795123808739,3.93212809729096,0.0473719615080021,0.159828878826998,"hsa-miR-138-5p"
"hsa-miR-92a-3p",-0.576692948885742,12.3945999394644,3.85301967411148,0.0496565140186771,0.166092477924541,"hsa-miR-92a-3p"
"hsa-miR-421",-0.566777535564238,10.524515420446,3.67485964851846,0.05523890423971,0.183185426025705,"hsa-miR-421"
"hsa-miR-302a-3p",0.825777331296936,4.06214013845664,3.58391283285502,0.0583415794892045,0.190833815974117,"hsa-miR-302a-3p"
"hsa-miR-302b-3p",0.725199862498453,5.39677023104394,3.57858665119674,0.0585289280951546,0.190833815974117,"hsa-miR-302b-3p"
"hsa-miR-320a-3p",0.557744688029602,10.5131440285205,3.5605984632166,0.0591664037635949,0.19130470550229,"hsa-miR-320a-3p"
"hsa-let-7e-3p",-0.881045505532376,3.56886378130579,3.3828419917773,0.0658783664148662,0.210243870195849,"hsa-let-7e-3p"
"hsa-miR-133a-3p",0.598591304784834,7.84890619680398,3.37075209857329,0.0663634528340986,0.210243870195849,"hsa-miR-133a-3p"
"hsa-miR-155-5p",-0.795356108689432,4.09077663336864,3.36366769007586,0.0666494743146633,0.210243870195849,"hsa-miR-155-5p"
"hsa-miR-1292-5p",-0.862733647145845,3.63186475158608,3.34580957726167,0.0673763275568024,0.210822702355156,"hsa-miR-1292-5p"
"hsa-miR-204-3p",0.855433941022948,3.62121957106966,3.30829300466478,0.0689310590137669,0.213962007178733,"hsa-miR-204-3p"
"hsa-miR-329-3p",0.677468646837452,5.59738797864198,3.19165121215992,0.0740152149988003,0.227919868409004,"hsa-miR-329-3p"
"hsa-miR-618",-0.579460616101248,7.87824434352136,3.1680455240778,0.0750922580894026,0.22811053801833,"hsa-miR-618"
"hsa-miR-218-5p",0.524131419445662,17.1031968523261,3.16455457982829,0.0752529609957376,0.22811053801833,"hsa-miR-218-5p"
"hsa-miR-4705",0.698290067073481,4.81105127551494,3.11530215395874,0.0775600924673108,0.233281518428811,"hsa-miR-4705"
"hsa-miR-589-5p",-0.674149326155208,5.49846421251162,3.09773534499409,0.0784012875166908,0.233997688895969,"hsa-miR-589-5p"
"hsa-let-7c-5p",-0.516917619531746,8.49477291878571,2.91976678313492,0.0875005096354563,0.259161814798146,"hsa-let-7c-5p"
"hsa-miR-1306-5p",-0.732425296898149,4.16644131025994,2.88605215634896,0.0893496224565069,0.261653688592099,"hsa-miR-1306-5p"
"hsa-miR-4521",0.520188666969642,8.38645034007084,2.87991836834699,0.0896905685122401,0.261653688592099,"hsa-miR-4521"
"hsa-miR-494-3p",0.696090357348764,4.21919851641984,2.78146561410898,0.0953608670310325,0.276119525433139,"hsa-miR-494-3p"
"hsa-miR-1246",0.478982466885887,9.85691717082072,2.66275313903671,0.102722794122184,0.295083357846455,"hsa-miR-1246"
"hsa-miR-370-3p",-0.66511781312098,4.47811463004189,2.65182208721931,0.103431280069891,0.295083357846455,"hsa-miR-370-3p"
"hsa-miR-152-3p",-0.486849246994773,8.59571777870427,2.63928813838717,0.104250246567029,0.295248873489104,"hsa-miR-152-3p"
"hsa-miR-4326",0.62124526432352,4.85414976009418,2.48266395468844,0.115107142543804,0.321336318326354,"hsa-miR-4326"
"hsa-miR-374a-3p",-0.572539419388095,6.78541239763871,2.48251683978396,0.115117907854029,0.321336318326354,"hsa-miR-374a-3p"
"hsa-miR-132-3p",0.453956482907932,8.84875666704691,2.42680203566463,0.119276008559112,0.326331597350274,"hsa-miR-132-3p"
"hsa-miR-129-1-3p",0.544753971652725,7.2227073736728,2.42668021589195,0.119285280186841,0.326331597350274,"hsa-miR-129-1-3p"
"hsa-miR-10a-5p",-0.458601406262107,16.6470921520401,2.42477175482236,0.119430636143657,0.326331597350274,"hsa-miR-10a-5p"
"hsa-miR-197-3p",-0.453414834198874,9.43963730200206,2.39940316599625,0.121381552004588,0.329342952292168,"hsa-miR-197-3p"
"hsa-miR-374b-5p",-0.451627170965524,12.2027659189899,2.36599752057259,0.124004624945319,0.333644326984989,"hsa-miR-374b-5p"
"hsa-miR-130a-3p",0.484096722022767,8.13078949943282,2.35743983967887,0.124686668589751,0.333644326984989,"hsa-miR-130a-3p"
"hsa-miR-1249-3p",-0.600624399476484,4.98934093004428,2.30400550135414,0.129040848189816,0.342393519983334,"hsa-miR-1249-3p"
"hsa-miR-361-3p",-0.446679564298525,10.3782752466739,2.29437527831436,0.129843444422316,0.342393519983334,"hsa-miR-361-3p"
"hsa-miR-455-5p",-0.577398566661176,5.27770677587216,2.28531392693906,0.130603713808076,0.342393519983334,"hsa-miR-455-5p"
"hsa-miR-625-3p",-0.52591953284659,7.19265474056615,2.23561680073252,0.134862797905637,0.350493763281542,"hsa-miR-625-3p"
"hsa-miR-23b-3p",-0.43645521166249,9.36561751790695,2.22833076502944,0.135500166217091,0.350493763281542,"hsa-miR-23b-3p"
"hsa-miR-652-3p",-0.452615991437498,8.41429337182579,2.19234522745589,0.138697991081134,0.356389539996557,"hsa-miR-652-3p"
"hsa-miR-6516-5p",-0.588911945314274,4.74098727817635,2.1783424485764,0.139965133060211,0.356726457525485,"hsa-miR-6516-5p"
"hsa-miR-199b-5p",-0.66298728409896,3.86513991522698,2.17063752668689,0.140667907220101,0.356726457525485,"hsa-miR-199b-5p"
"hsa-miR-1224-5p",0.548049954284772,5.71137265141998,2.07494693546558,0.14973514741554,0.374251758403389,"hsa-miR-1224-5p"
"hsa-miR-320b",0.465558045478476,7.90042161317129,2.06778503018807,0.150439872010868,0.374251758403389,"hsa-miR-320b"
"hsa-miR-454-5p",-0.555155368924347,5.17594591180037,2.06324901282339,0.150888151957378,0.374251758403389,"hsa-miR-454-5p"
"hsa-miR-342-3p",0.421920165733372,11.6701059821137,2.05771687060675,0.151436922859103,0.374251758403389,"hsa-miR-342-3p"
"hsa-miR-671-5p",0.55024827185069,5.0988572719298,2.02893538127957,0.154328680972159,0.378984355805049,"hsa-miR-671-5p"
"hsa-miR-191-3p",-0.593231128122773,4.36227697037542,2.01619306810947,0.15562889527272,0.379773656388776,"hsa-miR-191-3p"
"hsa-let-7f-5p",-0.410606950030232,9.14066679486917,1.97887470268652,0.159509004708085,0.386809336417106,"hsa-let-7f-5p"
"hsa-miR-576-5p",-0.555819112246306,4.79780746502807,1.95585389221945,0.161957432193113,0.390307352117565,"hsa-miR-576-5p"
"hsa-miR-153-3p",0.526668522494221,5.62517593295625,1.92535499361346,0.165267529096295,0.395825933884953,"hsa-miR-153-3p"
"hsa-miR-219a-2-3p",0.404280927482985,11.6063930216772,1.88911843663607,0.169301386773267,0.400672894339438,"hsa-miR-219a-2-3p"
"hsa-miR-101-3p",0.402895643916527,9.79185200774944,1.88862947581474,0.169356584205329,0.400672894339438,"hsa-miR-101-3p"
"hsa-miR-30c-2-3p",-0.524036600964898,4.95301120191306,1.80587046711531,0.179004401190126,0.420931561586479,"hsa-miR-30c-2-3p"
"hsa-miR-499a-5p",0.507696362639548,6.03520313831499,1.79338057238257,0.180514815876226,0.421926196144432,"hsa-miR-499a-5p"
"hsa-miR-301a-5p",-0.417846727793719,8.06034038137659,1.72621440729153,0.188895075613571,0.438869996036321,"hsa-miR-301a-5p"
"hsa-miR-1307-5p",0.498883065350178,5.09482014323927,1.67548423614426,0.195525573532689,0.449455767805456,"hsa-miR-1307-5p"
"hsa-miR-181c-5p",0.477212819955847,6.50984995910052,1.67366688058336,0.195768105049283,0.449455767805456,"hsa-miR-181c-5p"
"hsa-miR-181c-3p",0.443229191453062,7.30845113896477,1.64215986413606,0.200029383596907,0.453708097619437,"hsa-miR-181c-3p"
"hsa-miR-488-3p",0.451421121828984,7.13161956396402,1.6343144823412,0.201107332086827,0.453708097619437,"hsa-miR-488-3p"
"hsa-miR-889-3p",0.596937761425433,3.57085968290939,1.63416213527011,0.20112833193439,0.453708097619437,"hsa-miR-889-3p"
"hsa-miR-361-5p",-0.369875291314929,10.0403186648553,1.5846983540693,0.208085229455567,0.46668826028185,"hsa-miR-361-5p"
"hsa-miR-27b-3p",-0.368343326193989,12.948894639592,1.57445253447437,0.209561574196397,0.467192667755173,"hsa-miR-27b-3p"
"hsa-miR-320c",0.450480478558664,6.89289606038169,1.56648410500996,0.210718342415349,0.467192667755173,"hsa-miR-320c"
"hsa-miR-10a-3p",-0.36364739236155,11.3254072360922,1.52531381882454,0.216817121747115,0.477983200215231,"hsa-miR-10a-3p"
"hsa-miR-5002-5p",-0.515067025639769,4.30128767008826,1.50113741165569,0.220496435476992,0.483348118446739,"hsa-miR-5002-5p"
"hsa-miR-138-2-3p",0.462711656338188,5.81509760112161,1.49288853188777,0.221768828128542,0.483406209628508,"hsa-miR-138-2-3p"
"hsa-miR-335-3p",-0.345670158371945,9.36351622545579,1.39854366116662,0.236967561449111,0.513609120487174,"hsa-miR-335-3p"
"hsa-miR-365a-5p",0.508153972562653,4.09671823521209,1.39078680299451,0.238272272390957,0.513609120487174,"hsa-miR-365a-5p"
"hsa-miR-744-5p",-0.343088686281257,11.0457707793374,1.35440625368266,0.244509284226484,0.524017607817193,"hsa-miR-744-5p"
"hsa-miR-488-5p",0.478521039655054,4.36014860022524,1.34637593651725,0.245912681035929,0.524017607817193,"hsa-miR-488-5p"
"hsa-miR-93-5p",0.341062831519324,11.0519502373431,1.33932730244337,0.24715263461481,0.524017607817193,"hsa-miR-93-5p"
"hsa-miR-1226-3p",-0.435795978777784,5.3397117356173,1.30173362170058,0.253896800341927,0.535391078981889,"hsa-miR-1226-3p"
"hsa-miR-301b-5p",-0.468971082010674,4.40278807750157,1.28330600724838,0.257285242985548,0.539603644748069,"hsa-miR-301b-5p"
"hsa-miR-455-3p",-0.5511111465316,3.43217740540344,1.2650535429344,0.260696687054738,0.54381889557655,"hsa-miR-455-3p"
"hsa-miR-339-5p",-0.420219843296927,5.75808227891354,1.22132725610577,0.26910033467891,0.558347218478167,"hsa-miR-339-5p"
"hsa-miR-3085-3p",0.418106464239959,5.38438769692451,1.20956976498832,0.271417345574719,0.559553117778515,"hsa-miR-3085-3p"
"hsa-miR-346",-0.393543062992719,6.91473269417774,1.19632768572258,0.274056892887237,0.559553117778515,"hsa-miR-346"
"hsa-miR-1287-5p",-0.410419212340011,6.25040427128257,1.19297784440813,0.274729711728437,0.559553117778515,"hsa-miR-1287-5p"
"hsa-miR-19b-3p",0.397050930817865,6.66889459956769,1.1860758202314,0.276122541321952,0.559553117778515,"hsa-miR-19b-3p"
"hsa-miR-148a-5p",-0.414822093768125,5.27804742842176,1.1822802794224,0.276892264467719,0.559553117778515,"hsa-miR-148a-5p"
"hsa-miR-23b-5p",-0.501818925687339,3.71055510663401,1.16104752652456,0.281248398565754,0.565411288308355,"hsa-miR-23b-5p"
"hsa-miR-148a-3p",-0.313627514977804,13.0332451006917,1.14174963403241,0.28528292441604,0.567828972312973,"hsa-miR-148a-3p"
"hsa-miR-103a-3p",0.314665944682461,14.3246632875995,1.14129922108619,0.285377962889252,0.567828972312973,"hsa-miR-103a-3p"
"hsa-miR-342-5p",0.378695677181158,6.99287725194255,1.11831058669342,0.290282519322526,0.574640905597654,"hsa-miR-342-5p"
"hsa-miR-320d",0.395000102467577,6.2304478541929,1.10706124068532,0.292721662861037,0.576527945127321,"hsa-miR-320d"
"hsa-miR-15b-3p",-0.413356177036007,4.7170939111606,1.06997617763207,0.300950826772421,0.589593721491399,"hsa-miR-15b-3p"
"hsa-miR-3938",-0.453156901724261,3.95097790025246,1.06360362654213,0.302394717981413,0.589593721491399,"hsa-miR-3938"
"hsa-miR-216a-3p",-0.298367626681572,9.93561001199511,1.03392961221895,0.309237498467882,0.599920747027691,"hsa-miR-216a-3p"
"hsa-miR-324-3p",0.415595475287977,4.33347935656117,1.00952242081335,0.315017279383811,0.603231338887834,"hsa-miR-324-3p"
"hsa-miR-29b-2-5p",0.45448150971778,3.82253431288515,1.00731992153445,0.315545760067839,0.603231338887834,"hsa-miR-29b-2-5p"
"hsa-miR-338-5p",-0.310297954805365,8.30262657094674,1.00706022782465,0.315608148954202,0.603231338887834,"hsa-miR-338-5p"
"hsa-miR-99b-5p",-0.292627107905856,13.1327796837398,0.993599568316604,0.318864197104028,0.605834984148738,"hsa-miR-99b-5p"
"hsa-miR-574-5p",0.389895542476244,4.75261860035006,0.976608254527207,0.323037610478656,0.605834984148738,"hsa-miR-574-5p"
"hsa-miR-874-3p",-0.288332044645638,8.78859196162895,0.968577131300718,0.325035294756291,0.605834984148738,"hsa-miR-874-3p"
"hsa-miR-550a-5p",-0.429810049502427,4.02749184096563,0.96572023292781,0.325749864789198,0.605834984148738,"hsa-miR-550a-5p"
"hsa-miR-935",0.374442260144567,5.28411850173244,0.962027977325824,0.326676458725204,0.605834984148738,"hsa-miR-935"
"hsa-miR-491-5p",0.370872360252368,5.66372434493224,0.954398994647028,0.328602093027604,0.605834984148738,"hsa-miR-491-5p"
"hsa-miR-124-5p",0.341517505655137,7.20555343942786,0.952318712137192,0.329129790558548,0.605834984148738,"hsa-miR-124-5p"
"hsa-miR-99b-3p",-0.285397846721941,9.62493603893061,0.951012105219363,0.329461808390164,0.605834984148738,"hsa-miR-99b-3p"
"hsa-miR-210-3p",-0.353842338196495,6.56636849241821,0.929993885300271,0.334864513984926,0.612865242576185,"hsa-miR-210-3p"
"hsa-miR-130b-3p",0.32223524005074,7.18436734607152,0.844808792337638,0.358025065632184,0.652177114860505,"hsa-miR-130b-3p"
"hsa-miR-4286",0.373238270637879,4.45518493694809,0.835062088171479,0.360812845736712,0.652912926324649,"hsa-miR-4286"
"hsa-miR-4473",0.362685075935356,4.70315217295595,0.831654552282991,0.361794533917009,0.652912926324649,"hsa-miR-4473"
"hsa-miR-18a-5p",-0.333197736759674,6.44359514129295,0.81068868127202,0.36791672018554,0.660887441814766,"hsa-miR-18a-5p"
"hsa-miR-374b-3p",-0.316167228916042,7.0647059177089,0.791379426317611,0.373683342964372,0.665665720935691,"hsa-miR-374b-3p"
"hsa-miR-411-5p",0.356461041906815,4.55252596619339,0.79030452505358,0.374008059700981,0.665665720935691,"hsa-miR-411-5p"
"hsa-miR-548o-3p",-0.345708790348934,4.96145727873895,0.783831758843895,0.375971807600278,0.66610530296305,"hsa-miR-548o-3p"
"hsa-miR-107",0.257516303230601,11.0508461250153,0.764230681834952,0.382007775906816,0.668650138842811,"hsa-miR-107"
"hsa-miR-25-5p",0.347221701964688,4.71674770803746,0.762825606670118,0.382445700309907,0.668650138842811,"hsa-miR-25-5p"
"hsa-miR-486-5p",0.254828161253916,9.48317255559933,0.759951089776926,0.38334382940942,0.668650138842811,"hsa-miR-486-5p"
"hsa-miR-135a-5p",0.255591186860167,11.6794857462891,0.7568965195629,0.384301497324605,0.668650138842811,"hsa-miR-135a-5p"
"hsa-miR-641",-0.330960847116564,5.22438969961771,0.750248051282135,0.386397707633729,0.669296029294137,"hsa-miR-641"
"hsa-miR-217-5p",0.251977876145102,12.5959479952715,0.739225282202149,0.389909160904623,0.672376686359973,"hsa-miR-217-5p"
"hsa-miR-16-5p",0.254899916030972,8.47131949795351,0.707279638972946,0.400348387727332,0.687323780700021,"hsa-miR-16-5p"
"hsa-miR-885-5p",0.315438074587609,6.05155536587652,0.69182529127245,0.405544224568928,0.692191480580213,"hsa-miR-885-5p"
"hsa-miR-330-5p",0.260973854004465,8.1398477394154,0.688275125600094,0.406751694773939,0.692191480580213,"hsa-miR-330-5p"
"hsa-miR-140-3p",0.239531597414206,9.53025299652951,0.67187440269368,0.41239886732103,0.698736945504627,"hsa-miR-140-3p"
"hsa-miR-744-3p",-0.329248672368084,4.50737557387299,0.654548755471317,0.418491060057084,0.705976223052819,"hsa-miR-744-3p"
"hsa-miR-20a-5p",0.234024958154857,10.957143485816,0.6308244072805,0.427053077096855,0.715637037481244,"hsa-miR-20a-5p"
"hsa-miR-323b-3p",0.32457215682199,4.29576228136964,0.626583957473503,0.428611116356931,0.715637037481244,"hsa-miR-323b-3p"
"hsa-miR-3115",0.377126136935674,3.51503028743356,0.623496005562845,0.429751107559613,0.715637037481244,"hsa-miR-3115"
"hsa-miR-135a-3p",0.259068874287266,7.63014630657124,0.603403857726961,0.437282239403325,0.72506627730124,"hsa-miR-135a-3p"
"hsa-miR-654-3p",0.293330345475296,5.20301847101876,0.597731808379933,0.439444754886494,0.725551339982807,"hsa-miR-654-3p"
"hsa-miR-320e",0.36536416111416,3.50479713904711,0.590299709440281,0.442303246337329,0.727176523639338,"hsa-miR-320e"
"hsa-miR-146b-5p",0.236569795012431,8.18896071410071,0.571802202100295,0.449543656742475,0.733639158267998,"hsa-miR-146b-5p"
"hsa-miR-7706",-0.285947389621233,5.94218728456941,0.570612136010791,0.450015772339648,0.733639158267998,"hsa-miR-7706"
"hsa-miR-183-5p",-0.28331888523446,6.03055159781093,0.56005323825902,0.454238792860987,0.737425320627878,"hsa-miR-183-5p"
"hsa-miR-130b-5p",-0.218656756459026,10.2979479682075,0.552075822625426,0.457470752487957,0.739577716522197,"hsa-miR-130b-5p"
"hsa-miR-16-2-3p",-0.273207267753126,6.17496411279688,0.522228089380182,0.469892786975507,0.754394928636992,"hsa-miR-16-2-3p"
"hsa-miR-454-3p",-0.213875962319119,8.67318596654273,0.520743561730399,0.470524671984928,0.754394928636992,"hsa-miR-454-3p"
"hsa-miR-551b-5p",0.300082749807207,4.20340810612785,0.505060232593058,0.477285098253167,0.756435984778259,"hsa-miR-551b-5p"
"hsa-miR-7-1-3p",-0.256886553160698,6.69713620279681,0.498923124167099,0.479973674595836,0.756435984778259,"hsa-miR-7-1-3p"
"hsa-miR-484",0.206829865353398,9.8644003696561,0.497890349215073,0.480428553970219,0.756435984778259,"hsa-miR-484"
"hsa-miR-92a-1-5p",-0.314870116320919,3.84799349427155,0.496464522022579,0.48105771339006,0.756435984778259,"hsa-miR-92a-1-5p"
"hsa-miR-423-5p",-0.206723166280074,10.4019078624565,0.492589912726331,0.482774272793905,0.756435984778259,"hsa-miR-423-5p"
"hsa-miR-125b-5p",0.206276931951394,14.2641391222665,0.490969467810373,0.483495165528372,0.756435984778259,"hsa-miR-125b-5p"
"hsa-miR-3085-5p",-0.264635953402558,5.59015553524042,0.484549388586718,0.486368825012888,0.757875920100405,"hsa-miR-3085-5p"
"hsa-miR-628-5p",0.232419740856048,7.44075294701276,0.465862843487844,0.494896636455937,0.766684433029591,"hsa-miR-628-5p"
"hsa-miR-216a-5p",0.200844812258909,10.7303164118132,0.46354104908518,0.495973692501101,0.766684433029591,"hsa-miR-216a-5p"
"hsa-miR-186-5p",0.19747880103865,10.3541972437215,0.450264554535352,0.502209348407335,0.773242965008119,"hsa-miR-186-5p"
"hsa-miR-423-3p",-0.193309621368359,12.7082205516523,0.435009766850357,0.509540915117053,0.779108865118936,"hsa-miR-423-3p"
"hsa-miR-32-3p",-0.287817830112268,3.94633610214168,0.433776661040541,0.510141593155288,0.779108865118936,"hsa-miR-32-3p"
"hsa-miR-769-3p",0.236725857320763,6.80733322308466,0.429889452011203,0.512043197436414,0.779108865118936,"hsa-miR-769-3p"
"hsa-miR-1180-3p",-0.189717181036495,9.45298193198822,0.42146852277634,0.516205188074523,0.782373488175449,"hsa-miR-1180-3p"
"hsa-miR-216b-5p",-0.189495859305748,14.2166020129639,0.414437932441842,0.519725537399296,0.784644001988042,"hsa-miR-216b-5p"
"hsa-miR-425-5p",-0.187499406680058,9.92927556127193,0.408870104408994,0.522543553496672,0.785553175840494,"hsa-miR-425-5p"
"hsa-miR-30e-3p",0.186899365634516,10.079391176523,0.405276041743551,0.524376991089402,0.785553175840494,"hsa-miR-30e-3p"
"hsa-miR-664a-5p",0.261233072872866,4.29806305121447,0.390811910754668,0.531872935516327,0.793718073001288,"hsa-miR-664a-5p"
"hsa-miR-345-5p",-0.188275500800521,8.44882816853901,0.384238186350224,0.535343713099476,0.795836630967803,"hsa-miR-345-5p"
"hsa-miR-425-3p",-0.226951125256779,6.28237611363569,0.368940929771624,0.54358211879898,0.804999473641238,"hsa-miR-425-3p"
"hsa-miR-151a-3p",-0.176999027191076,12.6887120469974,0.364805735441777,0.545849291525325,0.805283365444205,"hsa-miR-151a-3p"
"hsa-miR-3117-3p",-0.217021866424919,6.66320707479016,0.354534536696064,0.551557394923095,0.810622231932428,"hsa-miR-3117-3p"
"hsa-miR-151a-5p",-0.195847121001604,7.59201971547551,0.341982436126312,0.558687151320078,0.816762077190741,"hsa-miR-151a-5p"
"hsa-miR-330-3p",0.170318992724304,9.50696464944184,0.339799226006158,0.559945135393652,0.816762077190741,"hsa-miR-330-3p"
"hsa-miR-378d",0.216844895250726,5.27031136546909,0.322763492963908,0.569951600771402,0.824931790183316,"hsa-miR-378d"
"hsa-miR-340-3p",0.166112610991227,10.2567620008902,0.319156901839099,0.57211475708818,0.824931790183316,"hsa-miR-340-3p"
"hsa-miR-125b-2-3p",0.19051808756797,7.47569769145693,0.316580709336318,0.573669795778778,0.824931790183316,"hsa-miR-125b-2-3p"
"hsa-miR-192-5p",-0.163712340894587,9.25127669200223,0.315055795208281,0.574594192023282,0.824931790183316,"hsa-miR-192-5p"
"hsa-miR-182-5p",-0.211923381635634,5.55515374592329,0.312456649010243,0.576176585411543,0.824931790183316,"hsa-miR-182-5p"
"hsa-miR-877-5p",0.208076465808389,5.93736727232314,0.301197156482274,0.583132882798624,0.831821906345097,"hsa-miR-877-5p"
"hsa-miR-766-5p",-0.216187236445463,4.72956733335349,0.29255243695698,0.588589492486349,0.83653012118939,"hsa-miR-766-5p"
"hsa-miR-22-3p",-0.155071211212271,11.3010065944644,0.277925365108004,0.598064241100295,0.843340629516103,"hsa-miR-22-3p"
"hsa-miR-125a-5p",-0.154643963448024,13.6040251866297,0.277085348700439,0.59861797712328,0.843340629516103,"hsa-miR-125a-5p"
"hsa-miR-25-3p",0.153645434743756,11.1193672463866,0.272463648439569,0.601683903665883,0.843340629516103,"hsa-miR-25-3p"
"hsa-miR-194-5p",0.178093607226873,7.40752237524064,0.271876669838167,0.602075655608145,0.843340629516103,"hsa-miR-194-5p"
"hsa-miR-1296-5p",0.154727194946566,8.59017827725405,0.267827604747525,0.604792770016827,0.844099261750104,"hsa-miR-1296-5p"
"hsa-miR-151b",-0.198531366407276,5.04359056677791,0.263357174915996,0.607823055160557,0.845287976352316,"hsa-miR-151b"
"hsa-miR-1843",-0.172492359102464,7.39429418905779,0.253683888059468,0.614493000810066,0.851511729693949,"hsa-miR-1843"
"hsa-miR-339-3p",0.157148953549834,8.10011213512644,0.247590496936531,0.618776815920042,0.853417232457797,"hsa-miR-339-3p"
"hsa-miR-576-3p",-0.198388622951297,4.61844817791982,0.245492247544167,0.620267163796646,0.853417232457797,"hsa-miR-576-3p"
"hsa-miR-181d-5p",0.142410877686337,10.9336488145336,0.233678270642537,0.628809757834803,0.862113731589765,"hsa-miR-181d-5p"
"hsa-miR-629-5p",-0.148492696955713,8.13132802410492,0.222716313579291,0.636977972448222,0.867853633261969,"hsa-miR-629-5p"
"hsa-miR-105-3p",0.179325865068628,5.32171588684501,0.222066542513041,0.637469807937271,0.867853633261969,"hsa-miR-105-3p"
"hsa-miR-135a-2-3p",0.162024969636172,7.13775708237312,0.211509145939912,0.645587113721567,0.875831468964923,"hsa-miR-135a-2-3p"
"hsa-miR-378c",0.173169190330713,5.7852414554949,0.208494806217464,0.64794972596891,0.875973845560756,"hsa-miR-378c"
"hsa-miR-30c-1-3p",0.185778064206759,4.33634430867582,0.202053128825113,0.653068698579371,0.879740711861344,"hsa-miR-30c-1-3p"
"hsa-miR-1251-5p",-0.149786636761723,7.56829999933893,0.199319375874485,0.655270787958579,0.879740711861344,"hsa-miR-1251-5p"
"hsa-miR-6511a-3p",0.195739739765568,3.90196789231533,0.194868175990348,0.658895389409695,0.881556589968833,"hsa-miR-6511a-3p"
"hsa-miR-181a-2-3p",0.127593971782029,10.0132003109827,0.189127841240804,0.663643501025353,0.883811630703817,"hsa-miR-181a-2-3p"
"hsa-miR-365a-3p",-0.161687666137316,6.09287082569408,0.182333896165427,0.669375151865797,0.883811630703817,"hsa-miR-365a-3p"
"hsa-miR-365b-3p",-0.161687666137316,6.09287082569408,0.182333896165427,0.669375151865797,0.883811630703817,"hsa-miR-365b-3p"
"hsa-miR-29a-3p",0.124355678102853,9.22945564318557,0.181962239380936,0.669692318110624,0.883811630703817,"hsa-miR-29a-3p"
"hsa-miR-106b-3p",0.12301448695895,9.24331191218267,0.177997045547482,0.673100228464998,0.884308368849511,"hsa-miR-106b-3p"
"hsa-miR-1275",-0.162654739879156,4.99933524070747,0.173648105655641,0.676889765254551,0.884308368849511,"hsa-miR-1275"
"hsa-miR-105-5p",-0.122350151755023,11.6906087677371,0.173629441272311,0.676906148320373,0.884308368849511,"hsa-miR-105-5p"
"hsa-miR-574-3p",0.152316009252551,5.675842193535,0.161439093425249,0.687835019986831,0.895570428707686,"hsa-miR-574-3p"
"hsa-miR-760",0.120426756518618,8.23341335766356,0.149604854844685,0.69891325946142,0.905460780424544,"hsa-miR-760"
"hsa-miR-93-3p",0.145470962099722,5.28323668907809,0.145989682088753,0.702397604287532,0.905460780424544,"hsa-miR-93-3p"
"hsa-miR-619-5p",0.174764908529703,3.63771400035867,0.145954038085033,0.702432203370587,0.905460780424544,"hsa-miR-619-5p"
"hsa-miR-30d-5p",0.109835016086652,13.9678131555115,0.139512553231754,0.708766081929054,0.909854975608359,"hsa-miR-30d-5p"
"hsa-miR-615-3p",-0.109428331466659,10.8201203195355,0.137747075493138,0.710531076312713,0.909854975608359,"hsa-miR-615-3p"
"hsa-miR-4488",-0.143532987328425,4.73217536799296,0.130403242252533,0.718014309434065,0.911056584981686,"hsa-miR-4488"
"hsa-miR-2113",-0.160515666463207,3.78845895326598,0.126107641191405,0.722502408164349,0.911056584981686,"hsa-miR-2113"
"hsa-miR-1250-5p",0.130812212685972,6.43081756604846,0.125207301704007,0.723453969508669,0.911056584981686,"hsa-miR-1250-5p"
"hsa-miR-33a-5p",0.158265695622111,3.7766559768033,0.122920285531791,0.725888536221585,0.911056584981686,"hsa-miR-33a-5p"
"hsa-miR-219a-1-3p",-0.138158462488954,4.48358232548357,0.116394021030571,0.732978858582318,0.911056584981686,"hsa-miR-219a-1-3p"
"hsa-miR-128-1-5p",0.150280568555991,3.95684176667442,0.115824887715096,0.73360760827759,0.911056584981686,"hsa-miR-128-1-5p"
"hsa-miR-149-5p",-0.0992211375915649,11.291297182873,0.113798389840618,0.735860481745438,0.911056584981686,"hsa-miR-149-5p"
"hsa-miR-597-3p",-0.139678244039487,4.3463562734836,0.113640042223491,0.736037456322881,0.911056584981686,"hsa-miR-597-3p"
"hsa-miR-185-3p",0.130966509559007,4.97241315331453,0.113418832416699,0.736284917828597,0.911056584981686,"hsa-miR-185-3p"
"hsa-miR-324-5p",-0.132826041464033,4.68868179743741,0.111226785676238,0.73875175729428,0.911056584981686,"hsa-miR-324-5p"
"hsa-miR-26b-5p",0.0977702174463744,11.0615180567266,0.110299657608384,0.739803237502286,0.911056584981686,"hsa-miR-26b-5p"
"hsa-miR-30c-5p",0.0965973970650026,12.7584691459943,0.108663522375636,0.741670856805135,0.911056584981686,"hsa-miR-30c-5p"
"hsa-miR-203a-3p",0.124915650252542,5.38739287755508,0.108381338114764,0.741994538284053,0.911056584981686,"hsa-miR-203a-3p"
"hsa-miR-651-5p",0.123392756240944,5.29607445959201,0.10564870161204,0.745153475989422,0.912049049476012,"hsa-miR-651-5p"
"hsa-miR-138-1-3p",0.133031241885254,4.1599931192637,0.097983265310313,0.754263349804929,0.918833145574939,"hsa-miR-138-1-3p"
"hsa-miR-30e-5p",0.0917838599121381,10.8692939431439,0.0970225270829204,0.755432405769087,0.918833145574939,"hsa-miR-30e-5p"
"hsa-miR-3177-3p",-0.116743420725478,5.55376462122775,0.0938451049778779,0.759344656610386,0.920705396140093,"hsa-miR-3177-3p"
"hsa-miR-15b-5p",-0.111478271362579,6.01431393115637,0.087005470799165,0.768019166966852,0.92352342763829,"hsa-miR-15b-5p"
"hsa-miR-26a-5p",0.0853310728840795,15.6318800500522,0.0842076148209507,0.771674341154049,0.92352342763829,"hsa-miR-26a-5p"
"hsa-miR-140-5p",-0.0891033496909759,8.28135309377745,0.082910787663792,0.773390880771202,0.92352342763829,"hsa-miR-140-5p"
"hsa-miR-590-3p",0.118991188062925,4.23669738483369,0.0807333682470261,0.776306022162649,0.92352342763829,"hsa-miR-590-3p"
"hsa-miR-29c-5p",0.113998441423951,4.44304508205945,0.0788993507866897,0.778794554189421,0.92352342763829,"hsa-miR-29c-5p"
"hsa-miR-125b-1-3p",0.0814567365542385,8.89760053672895,0.0783636425713023,0.779527321611716,0.92352342763829,"hsa-miR-125b-1-3p"
"hsa-miR-148b-3p",0.0819000548850971,11.7137662217015,0.0778366858201878,0.780250758219324,0.92352342763829,"hsa-miR-148b-3p"
"hsa-miR-767-5p",-0.0803099206597914,9.75341626961119,0.0752581786372843,0.783829309552767,0.92352342763829,"hsa-miR-767-5p"
"hsa-miR-548k",0.122656377971664,3.77122721295896,0.073991407933311,0.785611548996678,0.92352342763829,"hsa-miR-548k"
"hsa-miR-378a-3p",-0.0792015737403934,9.27560663785225,0.0737301998086224,0.785981080305878,0.92352342763829,"hsa-miR-378a-3p"
"hsa-miR-1303",0.104160648811373,4.98157517342267,0.0721725913474818,0.788199362872821,0.92352342763829,"hsa-miR-1303"
"hsa-miR-12136",0.109018506856406,4.43713730892911,0.0707614036816686,0.790231386535856,0.92352342763829,"hsa-miR-12136"
"hsa-miR-28-5p",-0.0839636300471115,7.990974812625,0.0689496406339201,0.792872285144651,0.923827167075449,"hsa-miR-28-5p"
"hsa-miR-670-3p",0.111247996180758,4.03698585810777,0.0652360156028289,0.798403806051868,0.92748705613211,"hsa-miR-670-3p"
"hsa-miR-1301-3p",-0.0817935989221005,7.80791791011048,0.0626463835452924,0.802361081928164,0.929301790412321,"hsa-miR-1301-3p"
"hsa-miR-28-3p",-0.0704101983476796,9.37635719357368,0.0581769816671667,0.809400847244151,0.931348951517339,"hsa-miR-28-3p"
"hsa-let-7a-5p",-0.0696460950565335,8.87686374307554,0.0573456628420246,0.810741509333253,0.931348951517339,"hsa-let-7a-5p"
"hsa-miR-125a-3p",0.0926788384784361,4.86593527766433,0.0562181560263475,0.812576355969633,0.931348951517339,"hsa-miR-125a-3p"
"hsa-miR-32-5p",-0.0842632312954281,6.80933850779737,0.0544820005811357,0.815440100656847,0.931348951517339,"hsa-miR-32-5p"
"hsa-miR-17-5p",0.0682906943333977,10.4949637274889,0.0537429061764527,0.81667381218726,0.931348951517339,"hsa-miR-17-5p"
"hsa-miR-3615",-0.0858610383940754,6.27631347378524,0.0526403761818077,0.818530908421167,0.931348951517339,"hsa-miR-3615"
"hsa-miR-2682-5p",0.0767037109225342,7.37251923437985,0.0500340069084926,0.823004109784315,0.93363948561435,"hsa-miR-2682-5p"
"hsa-miR-301a-3p",0.0967876277845915,3.96124868461188,0.0486911889726782,0.825356555581758,0.93363948561435,"hsa-miR-301a-3p"
"hsa-miR-135b-5p",0.0639543440406503,11.1870630711326,0.0472573425627729,0.827906340645274,0.933801337704553,"hsa-miR-135b-5p"
"hsa-miR-331-5p",0.0733056712217215,7.29617801528301,0.0448766632307274,0.83223098162719,0.935958321366231,"hsa-miR-331-5p"
"hsa-miR-17-3p",-0.0910125180506751,3.77394690917087,0.0409447752589411,0.839644557362688,0.937951364865052,"hsa-miR-17-3p"
"hsa-miR-95-3p",0.0589986807585601,12.6376742294794,0.0405670533124054,0.840375929023916,0.937951364865052,"hsa-miR-95-3p"
"hsa-miR-301b-3p",-0.0741189264021986,6.42771281603873,0.0401152825092934,0.841255347868655,0.937951364865052,"hsa-miR-301b-3p"
"hsa-miR-30a-3p",0.0561019526107063,8.75397573619562,0.0365108101490811,0.84846446698932,0.941846873284755,"hsa-miR-30a-3p"
"hsa-miR-6505-5p",0.0858461981208064,3.81145084315276,0.0359570875771054,0.849604138272331,0.941846873284755,"hsa-miR-6505-5p"
"hsa-miR-99a-5p",0.0542387628013663,14.2226509975002,0.0339771824674244,0.853755360248916,0.943752364035838,"hsa-miR-99a-5p"
"hsa-miR-24-1-5p",0.0732383461608203,4.22704920907605,0.0301602931701477,0.862127023577331,0.947627766355836,"hsa-miR-24-1-5p"
"hsa-miR-30a-5p",-0.0510836813777166,11.1893201541034,0.0301519603827671,0.86214588021549,0.947627766355836,"hsa-miR-30a-5p"
"hsa-miR-191-5p",-0.0492752079587931,13.1598047703159,0.0282165425554126,0.866600740981197,0.948136295671074,"hsa-miR-191-5p"
"hsa-miR-148b-5p",-0.063193953863467,5.1901085697226,0.027258645467958,0.868863758281537,0.948136295671074,"hsa-miR-148b-5p"
"hsa-miR-628-3p",0.0646974956161745,4.56408730014728,0.0257479421571776,0.872517426458236,0.948136295671074,"hsa-miR-628-3p"
"hsa-miR-331-3p",-0.0559534046859224,6.97477328691279,0.0244889517805552,0.875647224858431,0.948136295671074,"hsa-miR-331-3p"
"hsa-miR-708-5p",-0.0457615268184628,10.7223351859946,0.0240875446291682,0.876662366672372,0.948136295671074,"hsa-miR-708-5p"
"hsa-miR-1179",-0.0705952403211419,3.60375591981975,0.0228963737159793,0.87972686061916,0.948136295671074,"hsa-miR-1179"
"hsa-miR-1285-3p",0.0616543564415686,4.50261590720582,0.0228797577497875,0.879770177886017,0.948136295671074,"hsa-miR-1285-3p"
"hsa-miR-1307-3p",-0.0424107816016011,10.5293826491043,0.0207029274439812,0.885591186793602,0.948136295671074,"hsa-miR-1307-3p"
"hsa-miR-22-5p",0.0484166682112443,7.46256193158194,0.0203153835356554,0.886659770378012,0.948136295671074,"hsa-miR-22-5p"
"hsa-miR-338-3p",-0.0550212598183334,4.91393509113763,0.0197524688274022,0.88823060395559,0.948136295671074,"hsa-miR-338-3p"
"hsa-miR-19a-3p",0.054292288290369,4.9626931121061,0.0193074436671701,0.889488689753275,0.948136295671074,"hsa-miR-19a-3p"
"hsa-miR-2355-3p",-0.0535070524060331,4.73385843029318,0.0181599979548857,0.892802394356934,0.949061175371207,"hsa-miR-2355-3p"
"hsa-miR-185-5p",0.0382211806981147,9.21814858918453,0.0171922439726657,0.895681014801821,0.949519764325428,"hsa-miR-185-5p"
"hsa-miR-18a-3p",-0.0445555998570445,5.13542446020529,0.0135212705652448,0.907429844607615,0.958274474904461,"hsa-miR-18a-3p"
"hsa-miR-664a-3p",0.0432149563715052,5.69300195831231,0.0130994368372663,0.90887888341454,0.958274474904461,"hsa-miR-664a-3p"
"hsa-miR-335-5p",-0.0359054130310129,7.57295722209854,0.0114807891950406,0.914671215064299,0.961768106896878,"hsa-miR-335-5p"
"hsa-miR-1291",-0.0402928919770949,3.82816196896564,0.00808412424280247,0.928357337394632,0.964417576378448,"hsa-miR-1291"
"hsa-miR-30b-3p",0.0361449291076267,4.50123308409438,0.00777915294602094,0.929718109549631,0.964417576378448,"hsa-miR-30b-3p"
"hsa-miR-598-3p",0.0252287984169534,9.97491620327553,0.00740502024396861,0.931424740794297,0.964417576378448,"hsa-miR-598-3p"
"hsa-miR-190a-5p",-0.0355056253668537,4.05777964522316,0.00669081758408208,0.934807809368815,0.964417576378448,"hsa-miR-190a-5p"
"hsa-miR-1271-5p",0.0278838135629424,7.31061789457394,0.0065137794956226,0.935674183207407,0.964417576378448,"hsa-miR-1271-5p"
"hsa-miR-216b-3p",0.0246210667202305,8.27772067210977,0.00633035640858104,0.936584396557857,0.964417576378448,"hsa-miR-216b-3p"
"hsa-miR-3943",0.0348480369943221,3.784699372852,0.0058739818489788,0.938908420322455,0.964417576378448,"hsa-miR-3943"
"hsa-miR-217-3p",-0.0290050777077341,5.22642108677918,0.00577819807371505,0.939407594356825,0.964417576378448,"hsa-miR-217-3p"
"hsa-miR-135b-3p",-0.0287965395146808,5.37089458838329,0.00574883459176445,0.939561453275911,0.964417576378448,"hsa-miR-135b-3p"
"hsa-miR-551a",-0.020755726019128,4.78310719711769,0.00275366962880152,0.958149880914558,0.980902780461342,"hsa-miR-551a"
"hsa-miR-671-3p",0.0168624237680293,5.43551427289698,0.00192302592098059,0.965022122276987,0.985338377482818,"hsa-miR-671-3p"
"hsa-miR-769-5p",0.00880598218136931,11.2546214582124,0.000896581455606338,0.976112536052835,0.9902046910176,"hsa-miR-769-5p"
"hsa-miR-326",-0.0119501975921019,4.60630071708837,0.000863236025065106,0.976560822918206,0.9902046910176,"hsa-miR-326"
"hsa-miR-1343-3p",-0.0104202093249585,3.91189912389544,0.000596020022156196,0.980522763104763,0.9902046910176,"hsa-miR-1343-3p"
"hsa-miR-598-5p",0.00813583232129338,4.30122262806667,0.000352511278783219,0.985020371081291,0.9902046910176,"hsa-miR-598-5p"
"hsa-miR-1276",-0.00885153950946084,3.67487674040942,0.000334488498026531,0.985408281420254,0.9902046910176,"hsa-miR-1276"
"hsa-miR-3158-3p",0.00672829090206003,4.21868763238441,0.000243208083578139,0.987557390809745,0.9902046910176,"hsa-miR-3158-3p"
"hsa-miR-3074-5p",0.00586985375071343,5.68076832109984,0.000239499373528407,0.987652617071679,0.9902046910176,"hsa-miR-3074-5p"
"hsa-miR-3200-3p",-0.00379891995023305,6.86971538374707,0.000111276570197605,0.99158345455579,0.99158345455579,"hsa-miR-3200-3p"
